sked_id,home_initial
9,cgy
13,mtl
16,edm
17,tor
18,ssk
15,ott
19,wpg
20,bc
21,ham
6,mtl
5,edm
2,tor
7,ssk
8,wpg
10,ott
11,cgy
12,ham
22,wpg
23,mtl
24,bc
25,tor
26,edm
27,bc
28,ott
29,ssk
30,ott
31,wpg
32,ham
33,cgy
34,mtl
35,ssk
36,bc
37,edm
38,tor
39,mtl
40,bc
41,ham
42,cgy
43,ott
44,tor
45,cgy
46,wpg
47,mtl
48,wpg
49,bc
50,edm
51,tor
52,ham
53,edm
14,ssk
54,mtl
55,ssk
56,cgy
57,ham
58,ott
59,edm
60,tor
61,wpg
62,ott
63,ham
64,bc
65,ssk
66,cgy
67,ssk
68,edm
69,mtl
70,tor
71,ham
72,cgy
73,bc
74,ott
75,ssk
76,tor
77,wpg
78,cgy
79,edm
80,mtl
81,wpg
82,ham
83,mtl
84,bc
85,ssk
86,tor
87,edm
88,ott
89,wpg
90,ham
91,ott
92,bc
93,cgy
188,mtl
189,cgy
190,tor
191,bc
192,edm
179,tor
181,wpg
180,bc
182,ssk
183,mtl
184,cgy
185,ham
187,edm
95,mtl
96,bc
97,tor
98,cgy
99,wpg
100,ham
101,edm
102,ssk
103,cgy
104,bc
105,wpg
107,mtl
108,edm
109,tor
110,ssk
112,ham
113,bc
114,wpg
115,mtl
116,edm
117,cgy
118,ssk
119,ham
120,edm
121,tor
122,ssk
123,mtl
124,wpg
125,bc
126,cgy
128,wpg
129,edm
130,ham
131,cgy
133,bc
134,tor
135,ssk
136,mtl
137,wpg
138,ham
140,mtl
141,ssk
142,cgy
143,ham
145,edm
146,tor
147,wpg
148,cgy
150,ham
151,bc
152,edm
153,cgy
154,mtl
155,ssk
156,wpg
157,ham
158,tor
159,ssk
160,bc
162,mtl
163,tor
164,ssk
165,edm
166,ham
167,cgy
168,tor
169,mtl
170,wpg
171,bc
172,edm
173,tor
175,bc
193,tor
284,cgy
285,mtl
286,bc
287,bc
198,tor
199,wpg
200,cgy
201,bc
202,mtl
203,edm
204,ham
205,ssk
206,tor
207,edm
208,mtl
209,cgy
213,wpg
211,bc
212,ham
214,ssk
215,tor
216,wpg
217,ssk
218,ham
219,mtl
220,bc
221,edm
222,cgy
223,tor
224,wpg
225,ssk
226,cgy
227,mtl
228,bc
229,ham
230,edm
231,mtl
232,tor
233,bc
234,edm
235,cgy
236,ssk
237,wpg
238,mtl
239,bc
240,ssk
241,ham
242,cgy
243,edm
244,tor
245,mtl
246,wpg
247,edm
248,cgy
249,ham
250,bc
251,ham
252,ssk
253,mtl
254,tor
255,edm
256,ssk
257,wpg
258,bc
259,wpg
260,tor
261,mtl
262,cgy
263,tor
264,edm
265,ham
266,cgy
267,wpg
268,mtl
269,bc
270,ssk
271,ham
272,edm
273,tor
274,cgy
275,wpg
276,ssk
277,ham
278,bc
288,wpg
289,ssk
290,tor
291,bc
292,ssk
294,mtl
295,ham
296,ssk
297,cgy
298,tor
299,wpg
300,edm
301,bc
302,ham
303,cgy
304,wpg
305,ssk
306,tor
307,edm
308,mtl
309,bc
310,mtl
311,edm
312,wpg
313,ham
314,cgy
315,bc
316,ssk
317,tor
318,wpg
319,ham
320,bc
321,ssk
322,mtl
323,edm
324,tor
325,cgy
326,ham
327,ssk
328,wpg
329,bc
330,wpg
331,tor
332,edm
333,bc
334,mtl
335,ssk
336,cgy
337,ham
338,edm
339,ham
340,mtl
341,wpg
342,tor
343,cgy
344,edm
345,bc
346,ham
347,cgy
348,ssk
349,mtl
350,wpg
351,tor
352,bc
353,mtl
354,tor
355,ssk
356,ham
357,edm
358,wpg
359,bc
360,mtl
361,cgy
362,edm
363,tor
364,cgy
365,ssk
366,ham
367,ssk
368,bc
369,mtl
370,tor
371,edm
372,wpg
373,cgy
374,wpg
375,ssk
376,mtl
377,cgy
378,cgy
379,tor
381,wpg
383,edm
385,cgy
387,mtl
389,ham
391,ssk
393,bc
395,ham
397,cgy
399,edm
401,ssk
403,mtl
405,wpg
407,tor
409,bc
411,edm
413,cgy
415,ssk
417,ham
419,mtl
421,wpg
423,bc
425,ssk
427,tor
429,edm
431,ham
433,cgy
435,mtl
437,bc
439,ham
441,cgy
443,edm
445,tor
447,wpg
449,ssk
451,mtl
453,bc
455,edm
457,tor
459,bc
461,ssk
463,ham
465,cgy
467,tor
469,edm
471,mtl
473,wpg
475,ham
477,bc
479,mtl
481,ssk
483,ham
485,cgy
487,edm
489,wpg
491,wpg
493,bc
495,tor
497,cgy
499,edm
501,ssk
503,mtl
505,ham
507,tor
509,cgy
511,mtl
513,wpg
515,tor
517,cgy
519,wpg
521,ssk
523,edm
525,ham
527,bc
529,mtl
531,bc
533,tor
535,ssk
537,wpg
539,ham
541,cgy
543,mtl
545,ssk
547,mtl
548,ssk
549,cgy
550,wpg
551,edm
552,wpg
553,ssk
554,edm
555,mtl
556,na
557,tor
558,tor
559,wpg
560,mtl
561,cgy
562,mtl
563,edm
564,ham
565,ssk
566,cgy
567,cgy
568,bc
569,mtl
570,edm
571,ham
572,bc
573,wpg
574,ham
575,bc
576,edm
577,tor
578,ham
579,ssk
580,bc
581,wpg
582,tor
583,ssk
584,cgy
585,mtl
586,tor
587,bc
588,edm
589,tor
590,ham
591,ssk
592,mtl
593,cgy
594,mtl
595,wpg
596,ham
597,ssk
598,mtl
599,tor
600,cgy
601,edm
602,bc
603,ham
604,cgy
605,wpg
606,edm
607,tor
608,bc
609,mtl
610,ssk
611,ham
612,ssk
613,mtl
614,wpg
615,mtl
616,ssk
617,ham
618,cgy
619,edm
620,ham
621,bc
622,wpg
623,ssk
624,bc
625,tor
626,mtl
627,wpg
628,ham
629,cgy
630,tor
631,cgy
632,tor
633,bc
634,edm
635,cgy
636,ham
637,tor
638,bc
639,mtl
640,ssk
641,mtl
642,tor
643,ham
644,edm
645,edm
646,tor
647,bc
648,edm
649,mtl
650,wpg
651,wpg
652,edm
653,ssk
654,tor
655,cgy
656,cgy
657,wpg
658,tor
659,ham
660,mtl
661,wpg
662,ham
663,ssk
664,cgy
665,ssk
666,ssk
667,bc
668,mtl
669,ham
670,tor
671,edm
672,cgy
673,cgy
674,edm
675,bc
676,bc
677,wpg
678,mtl
679,edm
680,mtl
681,bc
682,wpg
683,wpg
684,ham
685,bc
686,ssk
687,bc
688,cgy
689,mtl
690,bc
691,ham
692,edm
693,ssk
694,ssk
695,mtl
696,cgy
697,tor
698,bc
699,ham
700,wpg
701,tor
702,wpg
703,ssk
704,bc
705,edm
706,ham
707,cgy
708,wpg
709,tor
710,mtl
711,cgy
712,tor
713,bc
714,edm
715,ham
716,mtl
717,wpg
718,edm
719,ssk
721,ham
723,ssk
725,ott
727,cgy
729,tor
731,bc
733,mtl
735,wpg
737,edm
739,tor
741,wpg
743,bc
745,mtl
747,ssk
749,ott
751,ham
753,edm
755,cgy
757,ott
759,ssk
761,tor
763,cgy
765,wpg
767,mtl
769,bc
771,ham
773,mtl
775,ott
777,ssk
779,edm
781,tor
783,wpg
785,ham
787,cgy
789,ott
791,bc
793,edm
795,ssk
797,mtl
799,bc
801,cgy
803,tor
805,mtl
807,wpg
809,ham
811,ssk
813,tor
815,ott
817,edm
819,cgy
821,wpg
823,ham
825,tor
827,bc
829,edm
831,ott
833,ssk
835,cgy
837,ham
839,edm
841,ott
843,mtl
845,wpg
847,cgy
849,wpg
851,bc
853,ham
855,cgy
857,mtl
859,edm
861,ssk
863,tor
865,ham
867,ssk
869,bc
871,wpg
873,ott
875,tor
877,edm
879,ham
881,cgy
883,mtl
885,ssk
887,tor
889,bc
891,mtl
893,edm
895,tor
897,wpg
899,ott
901,bc
903,tor
905,edm
907,bc
909,mtl
911,tor
913,ott
915,ssk
917,cgy
919,tor
921,edm
923,mtl
925,ham
927,bc
929,wpg
931,cgy
933,tor
935,ham
937,bc
939,edm
941,edm
943,ott
945,ssk
947,tor
949,wpg
951,cgy
953,ssk
955,bc
957,ham
959,ott
961,wpg
963,ham
965,mtl
967,tor
969,edm
971,ott
973,mtl
975,ssk
977,wpg
979,bc
981,ssk
983,cgy
985,mtl
987,ott
989,tor
991,cgy
993,ham
995,ott
997,mtl
999,bc
1001,edm
1003,wpg
1005,tor
1007,ham
1009,cgy
1011,ssk
1013,mtl
1015,wpg
1017,bc
1019,edm
1021,ott
1023,ssk
1025,ham
1027,cgy
1029,edm
1031,ott
1033,ssk
1035,wpg
1037,ham
1039,bc
1041,mtl
1043,cgy
1045,tor
1047,edm
1049,wpg
1051,mtl
1053,ott
1055,edm
1057,ham
1059,ssk
1061,cgy
1063,tor
1065,bc
1067,mtl
1069,wpg
1071,bc
1073,ott
1075,ssk
1077,tor
1079,edm
1081,ham
1083,cgy
1085,tor
1087,wpg
1089,bc
1091,mtl
1093,tor
1095,wpg
1097,mtl
1099,edm
1101,edm
1103,wpg
1105,cgy
1107,ott
1109,ham
1111,ssk
1113,bc
1115,mtl
1117,edm
1119,tor
1121,mtl
1123,ott
1125,wpg
1127,cgy
1129,ham
1131,tor
1133,edm
1135,wpg
1137,ssk
1139,bc
1141,mtl
1143,ott
1145,ham
1147,edm
1149,wpg
1151,cgy
1153,bc
1155,ssk
1157,tor
1159,ott
1161,cgy
1163,edm
1165,mtl
1167,tor
1169,ham
1171,bc
1173,mtl
1175,edm
1177,ott
1179,cgy
1181,wpg
1183,ssk
1185,mtl
1187,edm
1189,bc
1191,tor
1193,bc
1195,ham
1197,tor
1199,wpg
1201,ssk
1203,ott
1205,ssk
1207,ham
1209,cgy
1211,edm
1213,ott
1215,mtl
1217,wpg
1219,bc
1221,cgy
1223,ham
1225,ssk
1227,wpg
1229,edm
1231,ott
1233,tor
1235,bc
1237,ssk
1239,mtl
1241,ham
1243,cgy
1245,tor
1247,ott
1249,ssk
1251,bc
1253,wpg
1255,ham
1257,edm
1259,cgy
1261,ssk
1263,mtl
1265,tor
1267,edm
1269,ott
1271,ham
1273,cgy
1275,bc
1277,wpg
1279,mtl
1281,tor
1283,tor
1285,wpg
1287,mtl
1289,edm
1291,mtl
1293,ssk
1295,cgy
1297,mtl
1299,tor
1301,ham
1303,bc
1305,wpg
1307,edm
1309,tor
1311,cgy
1313,ssk
1315,bc
1317,mtl
1319,ham
1321,tor
1323,edm
1325,tor
1327,wpg
1329,edm
1331,bc
1333,mtl
1335,ham
1337,cgy
1339,ssk
1341,ham
1343,wpg
1345,cgy
1347,bc
1349,mtl
1351,wpg
1353,ssk
1355,bc
1357,mtl
1359,ham
1361,cgy
1363,edm
1365,wpg
1367,edm
1369,tor
1371,bc
1373,mtl
1375,ssk
1377,ham
1379,cgy
1381,edm
1383,tor
1385,wpg
1387,ssk
1389,cgy
1391,wpg
1393,mtl
1395,edm
1397,ham
1399,mtl
1401,ssk
1403,mtl
1405,tor
1407,wpg
1409,ssk
1411,ham
1413,edm
1415,bc
1417,mtl
1419,cgy
1421,edm
1423,tor
1425,wpg
1427,ssk
1429,tor
1431,cgy
1433,bc
1435,ham
1437,tor
1439,ssk
1441,mtl
1443,cgy
1445,wpg
1447,ham
1449,bc
1451,edm
1453,bc
1455,ham
1457,cgy
1459,wpg
1461,edm
1463,cgy
1465,tor
1467,ham
1469,cgy
1471,edm
1473,mtl
1475,wpg
1477,ssk
1479,bc
1481,mtl
1483,cgy
1485,ssk
1487,ham
1489,tor
1491,bc
1493,wpg
1495,edm
1497,mtl
1499,cgy
1501,ham
1503,edm
1505,bc
1507,tor
1509,wpg
1511,ssk
1513,ham
1515,mtl
1517,wpg
1519,cgy
1521,tor
1523,bc
1525,ssk
1527,edm
1529,cgy
1531,bc
1533,ham
1535,ssk
1537,tor
1539,mtl
1541,wpg
1543,edm
1545,bc
1547,ssk
1549,ham
1551,cgy
1553,edm
1555,wpg
1557,ssk
1559,mtl
1561,tor
1563,wpg
1565,cgy
1567,bc
1569,ssk
1571,edm
1573,ham
1575,mtl
1577,tor
1579,wpg
1581,ham
1583,edm
1585,cgy
1587,tor
1589,mtl
1591,bc
1593,ham
1595,ssk
1597,mtl
1599,edm
1601,wpg
1603,tor
1605,ssk
1607,cgy
1609,tor
1611,edm
1613,bc
1615,cgy
1617,wpg
1619,bc
1621,mtl
1623,ham
1625,ham
1627,edm
1629,mtl
1631,cgy
1633,bc
1635,cgy
1637,edm
1639,wpg
1641,tor
1643,ssk
1645,mtl
1647,bc
1649,ham
1651,cgy
1653,wpg
1655,edm
1657,tor
1659,wpg
1661,bc
1663,ham
1665,edm
1667,mtl
1669,cgy
1671,tor
1673,ssk
1675,mtl
1677,ham
1679,bc
1681,ssk
1683,ham
1685,cgy
1687,tor
1689,edm
1691,mtl
1693,bc
1695,wpg
1697,edm
1699,ham
1701,cgy
1703,tor
1705,ssk
1707,wpg
1709,bc
1711,mtl
1713,edm
1715,bc
1717,ssk
1719,ham
1721,cgy
1723,edm
1725,tor
1727,mtl
1729,wpg
1731,ssk
1733,ham
1735,cgy
1737,mtl
1739,wpg
1741,ham
1743,bc
1745,edm
1747,cgy
1749,tor
1751,ssk
1753,edm
1755,tor
1757,wpg
1759,mtl
1761,bc
1763,ham
1765,wpg
1767,ssk
1769,edm
1771,tor
1773,mtl
1775,ssk
1777,cgy
1779,wpg
1781,edm
1783,bc
1785,cgy
1787,bc
1789,tor
1791,ham
1793,mtl
1795,ham
1797,edm
1799,mtl
1801,bc
1803,ham
1805,cgy
1807,tor
1809,wpg
1811,ssk
1813,ham
1815,mtl
1817,edm
1819,bc
1821,wpg
1823,cgy
1825,bc
1827,ssk
1829,ham
1831,mtl
1833,tor
1835,edm
1837,ssk
1839,bc
1841,cgy
1843,wpg
1845,tor
1847,mtl
1849,wpg
1851,ssk
1853,ham
1855,cgy
1857,bc
1859,edm
1861,mtl
1863,tor
1865,ssk
1867,edm
1869,mtl
1871,ham
1873,cgy
1875,wpg
1877,tor
1879,bc
1881,ssk
1883,edm
1885,ham
1887,wpg
1889,edm
1891,mtl
1893,bc
1895,ssk
1897,ham
1899,cgy
1901,edm
1903,tor
1905,mtl
1907,wpg
1909,cgy
1911,tor
1913,bc
1915,ham
1917,wpg
1919,edm
1921,bc
1923,ssk
1925,tor
1927,mtl
1929,ham
1931,cgy
1933,bc
1935,ham
1937,mtl
1939,wpg
1941,ssk
1943,tor
1945,cgy
1947,edm
1949,tor
1951,mtl
1953,ssk
1955,cgy
1957,wpg
1959,bc
1961,ham
1963,edm
1965,mtl
1967,edm
1969,ham
1971,cgy
1973,cgy
1975,wpg
1977,ham
1979,bc
1981,tor
1983,ssk
1985,cgy
1987,mtl
1989,edm
1991,cgy
1993,bc
1995,mtl
1997,tor
1999,wpg
2001,bc
2003,ssk
2005,ham
2007,mtl
2009,edm
2011,ham
2013,ssk
2015,tor
2017,edm
2019,cgy
2021,bc
2023,mtl
2025,bc
2027,wpg
2029,ssk
2031,tor
2033,edm
2035,cgy
2037,ham
2039,cgy
2041,edm
2043,ham
2045,bc
2047,edm
2049,wpg
2051,tor
2053,ssk
2055,mtl
2057,tor
2059,edm
2061,wpg
2063,bc
2065,mtl
2067,ssk
2069,cgy
2071,ham
2073,ham
2075,wpg
2077,ssk
2079,mtl
2081,bc
2083,tor
2085,cgy
2087,bc
2089,edm
2091,ham
2093,ssk
2095,bc
2097,wpg
2099,ssk
2101,cgy
2103,mtl
2105,tor
2107,ham
2109,edm
2111,bc
2113,tor
2115,wpg
2117,cgy
2119,tor
2121,mtl
2123,ssk
2125,edm
2127,wpg
2129,ham
2131,mtl
2133,cgy
2135,mtl
2137,cgy
2139,tor
2141,edm
2143,tor
2145,wpg
2147,cgy
2149,tor
2151,mtl
2153,ssk
2155,bc
2157,orr
2159,ham
2161,orr
2163,ssk
2165,mtl
2167,bc
2169,ham
2171,cgy
2173,orr
2175,tor
2177,ham
2179,wpg
2181,mtl
2183,ssk
2185,wpg
2187,orr
2189,ham
2191,tor
2193,edm
2195,bc
2197,cgy
2199,mtl
2201,orr
2203,ssk
2205,bc
2207,wpg
2209,tor
2211,ham
2213,edm
2215,cgy
2217,mtl
2219,tor
2221,wpg
2223,bc
2225,ssk
2227,tor
2229,orr
2231,bc
2233,ham
2235,edm
2237,cgy
2239,mtl
2241,edm
2243,wpg
2245,orr
2247,ssk
2249,ham
2251,cgy
2253,edm
2255,tor
2257,wpg
2259,cgy
2261,ham
2263,bc
2265,ssk
2267,wpg
2269,tor
2271,bc
2273,orr
2275,cgy
2277,ssk
2279,ham
2281,edm
2283,mtl
2285,tor
2287,orr
2289,ssk
2291,bc
2293,wpg
2295,orr
2297,cgy
2299,ham
2301,mtl
2303,ssk
2305,edm
2307,mtl
2309,orr
2311,tor
2313,edm
2315,wpg
2317,ham
2319,bc
2321,cgy
2323,mtl
2325,edm
2327,tor
2329,cgy
2331,tor
2333,edm
2335,ham
2337,ssk
2339,spr
2341,bst
2343,bc
2345,mmd
2347,orr
2349,wpg
2351,cgy
2353,tor
2355,sat
2357,bbr
2359,orr
2361,cgy
2363,ssk
2365,bc
2367,edm
2369,spr
2371,wpg
2373,tor
2375,ssk
2377,ham
2379,mmd
2381,bst
2383,spr
2385,orr
2387,wpg
2389,bc
2391,mmd
2393,bbr
2395,sat
2397,edm
2399,orr
2401,cgy
2403,sat
2405,bst
2407,spr
2409,bbr
2411,ham
2413,wpg
2415,bc
2417,ham
2419,cgy
2421,mmd
2423,bbr
2425,ssk
2427,edm
2429,tor
2431,bc
2433,orr
2435,sat
2437,spr
2439,cgy
2441,tor
2443,ssk
2445,ham
2447,sat
2449,bst
2451,bbr
2453,orr
2455,tor
2457,wpg
2459,cgy
2461,edm
2463,spr
2465,ham
2467,mmd
2469,ssk
2471,wpg
2473,bc
2475,bst
2477,mmd
2479,bbr
2481,bbr
2483,edm
2485,orr
2487,ham
2489,ssk
2491,spr
2493,tor
2495,cgy
2497,edm
2499,orr
2501,ham
2503,bst
2505,wpg
2507,mmd
2509,edm
2511,spr
2513,bc
2515,sat
2517,ssk
2519,bbr
2521,cgy
2523,bc
2525,tor
2527,sat
2529,bst
2531,wpg
2533,mmd
2535,ham
2537,orr
2539,cgy
2541,ssk
2543,edm
2545,bbr
2547,bst
2549,spr
2551,mmd
2553,bbr
2555,tor
2557,bc
2559,sat
2561,edm
2563,spr
2565,wpg
2567,ssk
2569,ham
2571,sat
2573,bbr
2575,tor
2577,orr
2579,bst
2581,cgy
2583,mmd
2585,tor
2587,bc
2589,bst
2591,wpg
2593,sat
2595,bst
2597,cgy
2599,sat
2601,edm
2603,bst
2605,cgy
2607,bst
2609,sgm
2611,bc
2613,ham
2615,edm
2617,spr
2619,wpg
2621,tor
2623,cgy
2625,orr
2627,bst
2629,ssk
2631,lvp
2633,orr
2635,tor
2637,ssk
2639,bc
2641,sgm
2643,edm
2645,wpg
2647,ham
2649,orr
2651,bst
2653,spr
2655,lvp
2657,edm
2659,bc
2661,ssk
2663,bst
2665,cgy
2667,lvp
2669,ham
2671,wpg
2673,tor
2675,cgy
2677,spr
2679,sgm
2681,orr
2683,tor
2685,edm
2687,bc
2689,ham
2691,lvp
2693,cgy
2695,bst
2697,orr
2699,bc
2701,ssk
2703,spr
2705,wpg
2707,sgm
2709,cgy
2711,bst
2713,spr
2715,lvp
2717,wpg
2719,tor
2721,edm
2723,ssk
2725,ham
2727,bc
2729,sgm
2731,orr
2733,spr
2735,ssk
2737,cgy
2739,ham
2741,edm
2743,bst
2745,lvp
2747,orr
2749,tor
2751,wpg
2753,cgy
2755,ham
2757,bc
2759,sgm
2761,tor
2763,ssk
2765,wpg
2767,spr
2769,lvp
2771,sgm
2773,orr
2775,edm
2777,ssk
2779,bst
2781,wpg
2783,tor
2785,edm
2787,lvp
2789,bst
2791,spr
2793,bc
2795,sgm
2797,ham
2799,cgy
2801,ssk
2803,lvp
2805,spr
2807,ham
2809,edm
2811,orr
2813,cgy
2815,wpg
2817,bst
2819,sgm
2821,tor
2823,ssk
2825,tor
2827,orr
2829,bst
2831,edm
2833,bc
2835,cgy
2837,spr
2839,bc
2841,lvp
2843,sgm
2845,ham
2847,wpg
2849,bst
2851,edm
2853,wpg
2855,cgy
2857,wpg
2859,cgy
2861,bc
2863,wpg
2865,cgy
2867,orr
2869,ham
2871,ssk
2873,edm
2875,sgm
2877,tor
2879,bc
2881,cgy
2883,orr
2885,bc
2887,ham
2889,edm
2891,tor
2893,ssk
2895,orr
2897,wpg
2899,sgm
2901,edm
2903,tor
2905,wpg
2907,bc
2909,sgm
2911,cgy
2913,ham
2915,bc
2917,ssk
2919,sgm
2921,wpg
2923,tor
2925,ham
2927,orr
2929,edm
2931,ssk
2933,bc
2935,wpg
2937,cgy
2939,sgm
2941,tor
2943,bc
2945,orr
2947,ham
2949,sgm
2951,edm
2953,tor
2955,ssk
2957,cgy
2959,wpg
2961,edm
2963,orr
2965,ssk
2967,cgy
2969,ham
2971,edm
2973,bc
2975,sgm
2977,wpg
2979,ham
2981,cgy
2983,tor
2985,ssk
2987,cgy
2989,orr
2991,bc
2993,edm
2995,ssk
2997,wpg
2999,sgm
3001,tor
3003,bc
3005,orr
3007,cgy
3009,ham
3011,wpg
3013,edm
3015,ssk
3017,tor
3019,orr
3021,ssk
3023,sgm
3025,ham
3027,bc
3029,orr
3031,cgy
3033,tor
3035,sgm
3037,ham
3039,wpg
3041,edm
3043,ham
3045,cgy
3047,edm
3049,wpg
3051,cgy
3053,edm
3055,tor
3057,ham
3059,orr
3061,tor
3063,ssk
3065,cgy
3067,wpg
3069,edm
3071,bc
3073,ssk
3075,orr
3077,ham
3079,bc
3081,edm
3083,orr
3085,tor
3087,cgy
3089,wpg
3091,tor
3093,bc
3095,ssk
3097,ham
3099,orr
3101,wpg
3103,cgy
3105,tor
3107,edm
3109,ssk
3111,ham
3113,orr
3115,wpg
3117,bc
3119,ham
3121,orr
3123,edm
3125,cgy
3127,tor
3129,wpg
3131,edm
3133,ssk
3135,bc
3137,ssk
3139,cgy
3141,ham
3143,edm
3145,orr
3147,tor
3149,wpg
3151,ham
3153,bc
3155,ssk
3157,cgy
3159,edm
3161,tor
3163,orr
3165,wpg
3167,edm
3169,ham
3171,ssk
3173,cgy
3175,tor
3177,bc
3179,ssk
3181,orr
3183,edm
3185,tor
3187,wpg
3189,cgy
3191,cgy
3193,ham
3195,wpg
3197,ssk
3199,orr
3201,bc
3203,ham
3205,edm
3207,bc
3209,tor
3211,wpg
3213,cgy
3215,ham
3217,edm
3219,wpg
3221,cgy
3223,cgy
3225,bc
3227,tor
3229,ssk
3231,orr
3233,edm
3235,ham
3237,cgy
3239,wpg
3241,bc
3243,orr
3245,bc
3247,ssk
3249,ham
3251,edm
3253,tor
3255,cgy
3257,wpg
3259,orr
3261,tor
3263,bc
3265,ssk
3267,edm
3269,bc
3271,wpg
3273,ham
3275,orr
3277,cgy
3279,ssk
3281,ham
3283,tor
3285,orr
3287,bc
3289,wpg
3291,edm
3293,ssk
3295,cgy
3297,ham
3299,tor
3301,wpg
3303,edm
3305,orr
3307,ssk
3309,ham
3311,cgy
3313,bc
3315,edm
3317,tor
3319,orr
3321,wpg
3323,ham
3325,bc
3327,ssk
3329,cgy
3331,tor
3333,bc
3335,wpg
3337,cgy
3339,edm
3341,ham
3343,orr
3345,ssk
3347,edm
3349,tor
3351,orr
3353,cgy
3355,wpg
3357,bc
3359,cgy
3361,ham
3363,wpg
3365,tor
3367,ssk
3369,edm
3371,orr
3373,ham
3375,ssk
3377,edm
3379,bc
3381,tor
3383,wpg
3385,cgy
3387,wpg
3389,cgy
3391,tor
3393,edm
3395,tor
3397,ham
3399,ssk
3401,ssk
3403,tor
3405,cgy
3407,orr
3409,bc
3411,wpg
3413,edm
3415,tor
3417,ssk
3419,edm
3421,wpg
3423,bc
3425,orr
3427,ham
3429,cgy
3431,orr
3433,bc
3435,tor
3437,ssk
3439,cgy
3441,wpg
3443,edm
3445,ham
3447,ssk
3449,bc
3451,tor
3453,cgy
3455,bc
3457,wpg
3459,orr
3461,ham
3463,tor
3465,cgy
3467,tor
3469,ssk
3471,ham
3473,wpg
3475,edm
3477,orr
3479,ssk
3481,cgy
3483,ham
3485,bc
3487,edm
3489,tor
3491,orr
3493,wpg
3495,cgy
3497,bc
3499,ham
3501,ssk
3503,wpg
3505,tor
3507,orr
3509,edm
3511,ham
3513,ssk
3515,orr
3517,ssk
3519,bc
3521,cgy
3523,tor
3525,edm
3527,cgy
3529,ham
3531,ssk
3533,edm
3535,tor
3537,orr
3539,wpg
3541,ssk
3543,bc
3545,ham
3547,wpg
3549,cgy
3551,tor
3553,bc
3555,orr
3557,edm
3559,tor
3561,cgy
3563,ham
3565,edm
3567,ssk
3569,edm
3571,bc
3573,orr
3575,tor
3577,ssk
3579,wpg
3581,cgy
3583,ham
3585,bc
3587,edm
3589,orr
3591,ham
3593,tor
3595,wpg
3597,bc
3599,ssk
3601,orr
3603,tor
3605,ssk
3607,cgy
3609,orr
3611,edm
3613,ham
3615,wpg
3617,cgy
3619,bc
3621,ham
3623,wpg
3625,tor
3627,orr
3629,edm
3631,ssk
3633,cgy
3635,bc
3637,ssk
3639,ham
3641,tor
3643,wpg
3645,orr
3647,edm
3649,ssk
3651,cgy
3653,ham
3655,bc
3657,tor
3659,cgy
3661,wpg
3663,edm
3665,bc
3667,wpg
3669,ham
3671,edm
3673,cgy
3675,orr
3677,tor
3679,ssk
3681,cgy
3683,ham
3685,wpg
3687,edm
3689,bc
3691,orr
3693,ssk
3695,wpg
3697,tor
3699,ham
3701,ssk
3703,cgy
3705,ham
3707,orr
3709,tor
3711,edm
3713,orr
3715,bc
3717,wpg
3719,cgy
3721,bc
3723,tor
3725,ssk
3727,edm
3729,wpg
3731,ssk
3733,tor
3735,edm
3737,wpg
3739,mtl
3741,ssk
3743,edm
3745,tor
3747,wpg
3749,orr
3751,cgy
3753,ham
3755,bc
3757,ssk
3759,tor
3761,orr
3763,edm
3765,bc
3767,cgy
3769,wpg
3771,ssk
3773,ham
3775,wpg
3777,orr
3779,ham
3781,cgy
3783,ham
3785,bc
3787,orr
3789,tor
3791,wpg
3793,bc
3795,ssk
3797,ham
3799,edm
3801,cgy
3803,tor
3805,wpg
3807,orr
3809,bc
3811,ham
3813,ssk
3815,cgy
3817,tor
3819,wpg
3821,edm
3823,edm
3825,ham
3827,bc
3829,ssk
3831,ham
3833,cgy
3835,orr
3837,edm
3839,wpg
3841,cgy
3843,edm
3845,tor
3847,bc
3849,orr
3851,ham
3853,ssk
3855,edm
3857,cgy
3859,tor
3861,wpg
3863,orr
3865,ham
3867,bc
3869,wpg
3871,tor
3873,bc
3875,ssk
3877,tor
3879,orr
3881,edm
3883,cgy
3885,ssk
3887,ham
3889,wpg
3891,edm
3893,cgy
3895,orr
3897,tor
3899,bc
3901,tor
3903,edm
3905,wpg
3907,bc
3909,edm
3911,mtl
3913,ssk
3915,wpg
3917,ham
3919,mtl
3921,cgy
3923,edm
3925,bc
3927,tor
3929,orr
3931,cgy
3933,tor
3935,bc
3937,orr
3939,ssk
3941,ham
3943,edm
3945,mtl
3947,wpg
3949,orr
3951,bc
3953,ham
3955,ssk
3957,tor
3959,edm
3961,cgy
3963,bc
3965,orr
3967,wpg
3969,ham
3971,ssk
3973,cgy
3975,mtl
3977,edm
3979,ssk
3981,mtl
3983,wpg
3985,tor
3987,bc
3989,cgy
3991,orr
3993,edm
3995,ham
3997,mtl
3999,bc
4001,wpg
4003,tor
4005,orr
4007,ssk
4009,cgy
4011,ham
4013,bc
4015,wpg
4017,tor
4019,edm
4021,cgy
4023,mtl
4025,tor
4027,ssk
4029,wpg
4031,bc
4033,orr
4035,ham
4037,edm
4039,orr
4041,tor
4043,ssk
4045,cgy
4047,ham
4049,mtl
4051,wpg
4053,edm
4055,ssk
4057,orr
4059,cgy
4061,mtl
4063,bc
4065,tor
4067,edm
4069,mtl
4071,wpg
4073,ham
4075,ssk
4077,cgy
4079,orr
4081,tor
4083,wpg
4085,ham
4087,bc
4089,mtl
4091,edm
4093,bc
4095,ham
4097,tor
4099,edm
4101,edm
4103,ham
4105,mtl
4107,bc
4109,wpg
4111,tor
4113,orr
4115,ssk
4117,wpg
4119,ham
4121,edm
4123,mtl
4125,cgy
4127,bc
4129,orr
4131,edm
4133,tor
4135,ssk
4137,cgy
4139,ham
4141,mtl
4143,edm
4145,ham
4147,ssk
4149,mtl
4151,wpg
4153,tor
4155,bc
4157,orr
4159,ssk
4161,wpg
4163,cgy
4165,edm
4167,ham
4169,bc
4171,orr
4173,tor
4175,edm
4177,mtl
4179,cgy
4181,wpg
4183,tor
4185,ssk
4187,cgy
4189,orr
4191,mtl
4193,bc
4195,ham
4197,tor
4199,edm
4201,bc
4203,wpg
4205,orr
4207,ssk
4209,cgy
4211,ham
4213,bc
4215,orr
4217,mtl
4219,edm
4221,wpg
4223,cgy
4225,tor
4227,edm
4229,mtl
4231,edm
4233,ham
4235,wpg
4237,tor
4239,bc
4241,orr
4243,cgy
4245,ssk
4247,ham
4249,orr
4251,wpg
4253,bc
4255,edm
4257,cgy
4259,ham
4261,wpg
4263,mtl
4265,tor
4267,ssk
4269,cgy
4271,orr
4273,tor
4275,edm
4277,bc
4279,ham
4281,mtl
4283,ssk
4285,mtl
4287,wpg
4289,ham
4291,bc
4293,bc
4295,ssk
4297,cgy
4299,tor
4301,orr
4303,edm
4305,wpg
4307,mtl
4309,ham
4311,bc
4313,ssk
4315,edm
4317,ham
4319,tor
4321,bc
4323,wpg
4325,cgy
4327,mtl
4329,orr
4331,cgy
4333,mtl
4335,edm
4337,ssk
4339,bc
4341,orr
4343,ham
4345,wpg
4347,edm
4349,orr
4351,tor
4353,ssk
4355,cgy
4357,mtl
4359,tor
4361,wpg
4363,cgy
4365,ham
4367,bc
4369,orr
4371,edm
4373,mtl
4375,tor
4377,ssk
4379,wpg
4381,bc
4383,ham
4385,ssk
4387,orr
4389,mtl
4391,ham
4393,cgy
4395,edm
4397,bc
4399,tor
4401,wpg
4403,orr
4405,ssk
4407,wpg
4409,ham
4411,cgy
4413,edm
4415,ssk
4417,bc
4419,cgy
4421,mtl
4423,wpg
4425,tor
4427,orr
4429,mtl
4431,bc
4433,ham
4435,edm
4437,cgy
4439,tor
4441,ssk
4443,mtl
4445,bc
4447,ham
4449,wpg
4451,orr
4453,edm
4455,tor
4457,ssk
4459,ham
4461,cgy
4463,mtl
4465,wpg
4467,tor
4469,bc
4471,orr
4473,edm
4475,mtl
4477,edm
4479,tor
4481,bc
4483,wpg
4485,wpg
4487,edm
4489,cgy
4491,ham
4493,orr
4495,wpg
4497,ssk
4499,ham
4501,edm
4503,bc
4505,tor
4507,ssk
4509,mtl
4511,orr
4513,cgy
4515,bc
4517,mtl
4519,cgy
4521,wpg
4523,ham
4525,tor
4527,edm
4529,mtl
4531,ssk
4533,orr
4535,wpg
4537,tor
4539,bc
4541,orr
4543,ssk
4545,ham
4547,cgy
4549,edm
4551,tor
4553,mtl
4555,bc
4557,edm
4559,ham
4561,wpg
4563,ssk
4565,orr
4567,mtl
4569,bc
4571,cgy
4573,tor
4575,edm
4577,bc
4579,wpg
4581,orr
4583,ssk
4585,ham
4587,cgy
4589,orr
4591,wpg
4593,bc
4595,edm
4597,cgy
4599,mtl
4601,ham
4603,ssk
4605,cgy
4607,orr
4609,bc
4611,ham
4613,ssk
4615,mtl
4617,edm
4619,cgy
4621,tor
4623,ssk
4625,wpg
4627,orr
4629,ham
4631,edm
4633,orr
4635,cgy
4637,mtl
4639,bc
4641,tor
4643,wpg
4645,orr
4647,edm
4649,ham
4651,ssk
4653,tor
4655,bc
4657,mtl
4659,cgy
4661,orr
4663,wpg
4665,tor
4667,bc
4669,tor
4671,wpg
4673,tor
4675,bc
4677,ham
4679,cgy
4681,mtl
4683,wpg
4685,orr
4687,ssk
4689,mtl
4691,bc
4693,tor
4695,edm
4697,ssk
4699,orr
4701,cgy
4703,ham
4705,edm
4707,tor
4709,wpg
4711,bc
4713,orr
4715,mtl
4717,ham
4719,edm
4721,ssk
4723,tor
4725,wpg
4727,cgy
4729,bc
4731,orr
4733,ssk
4735,ham
4737,edm
4739,mtl
4741,cgy
4743,tor
4745,wpg
4747,orr
4749,ham
4751,bc
4753,edm
4755,tor
4757,cgy
4759,ssk
4761,mtl
4763,mtl
4765,wpg
4767,bc
4769,edm
4771,orr
4773,ssk
4775,ham
4777,cgy
4779,tor
4781,wpg
4783,mtl
4785,edm
4787,cgy
4789,orr
4791,bc
4793,ham
4795,ssk
4797,wpg
4799,tor
4801,edm
4803,mtl
4805,bc
4807,orr
4809,ssk
4811,cgy
4813,edm
4815,ham
4817,wpg
4819,mtl
4821,bc
4823,tor
4825,cgy
4827,orr
4829,wpg
4831,ham
4833,ssk
4835,tor
4837,edm
4839,mtl
4841,cgy
4843,orr
4845,bc
4847,ham
4849,ssk
4851,ham
4853,wpg
4855,tor
4857,edm
4859,edm
4861,wpg
4863,tor
4865,cgy
4867,mtl
4869,ssk
4871,wpg
4873,orr
4875,ham
4877,bc
4879,edm
4881,tor
4883,bc
4885,mtl
4887,ssk
4889,orr
4891,cgy
4893,edm
4895,ham
4897,tor
4899,orr
4901,bc
4903,wpg
4905,mtl
4907,ham
4909,edm
4911,ssk
4913,orr
4915,cgy
4917,wpg
4919,ssk
4921,ham
4923,bc
4925,mtl
4927,tor
4929,cgy
4931,edm
4933,tor
4935,ssk
4937,wpg
4939,bc
4941,tor
4943,edm
4945,cgy
4947,ham
4949,mtl
4951,orr
4953,ssk
4955,bc
4957,mtl
4959,tor
4961,cgy
4963,orr
4965,wpg
4967,ham
4969,edm
4971,orr
4973,bc
4975,tor
4977,edm
4979,ham
4981,cgy
4983,wpg
4985,ssk
4987,mtl
4989,bc
4991,tor
4993,cgy
4995,orr
4997,wpg
4999,ham
5001,edm
5003,orr
5005,bc
5007,tor
5009,ssk
5011,mtl
5013,cgy
5015,tor
5017,wpg
5019,orr
5021,edm
5023,ham
5025,ssk
5027,mtl
5029,edm
5031,bc
5033,wpg
5035,mtl
5037,ham
5039,ssk
5041,cgy
5043,tor
5045,orr
5047,wpg
5049,edm
5051,ham
5053,bc
5055,orr
5057,ssk
5059,cgy
5061,mtl
5063,tor
5065,edm
5067,mtl
5069,ham
5071,wpg
5073,ssk
5075,bc
5077,orr
5079,wpg
5081,cgy
5083,ssk
5085,mtl
5087,ham
5089,edm
5091,bc
5093,tor
5095,ssk
5097,cgy
5099,orr
5101,tor
5103,wpg
5105,edm
5107,mtl
5109,ham
5111,cgy
5113,bc
5115,mtl
5117,wpg
5119,edm
5121,ham
5123,edm
5125,wpg
5127,mtl
5129,edm
5131,ham
5133,cgy
5135,orr
5137,tor
5139,bc
5141,ssk
5143,edm
5145,ham
5147,bc
5149,tor
5151,ssk
5153,mtl
5155,cgy
5157,orr
5159,wpg
5161,tor
5163,wpg
5165,orr
5167,ssk
5169,edm
5171,bc
5173,ham
5175,cgy
5177,tor
5179,wpg
5181,mtl
5183,ssk
5185,orr
5187,edm
5189,bc
5191,ham
5193,orr
5195,mtl
5197,bc
5199,tor
5201,cgy
5203,wpg
5205,tor
5207,cgy
5209,mtl
5211,ham
5213,edm
5215,ssk
5217,wpg
5219,edm
5221,bc
5223,orr
5225,ham
5227,ssk
5229,cgy
5231,tor
5233,orr
5235,mtl
5237,wpg
5239,edm
5241,wpg
5243,ham
5245,ssk
5247,edm
5249,bc
5251,ham
5253,mtl
5255,cgy
5257,tor
5259,bc
5261,orr
5263,edm
5265,ssk
5267,ham
5269,wpg
5271,edm
5273,tor
5275,orr
5277,ssk
5279,cgy
5281,mtl
5283,bc
5285,ham
5287,wpg
5289,mtl
5291,tor
5293,ssk
5295,edm
5297,orr
5299,bc
5301,mtl
5303,cgy
5305,bc
5307,orr
5309,mtl
5311,edm
5313,edm
5315,bc
5317,cgy
5319,ham
5321,wpg
5323,edm
5325,ssk
5327,mtl
5329,orr
5331,tor
5333,ham
5335,orr
5337,cgy
5339,tor
5341,bc
5343,mtl
5345,wpg
5347,edm
5349,ssk
5351,orr
5353,bc
5355,tor
5357,edm
5359,mtl
5361,wpg
5363,ham
5365,cgy
5367,mtl
5369,bc
5371,tor
5373,ssk
5375,bc
5377,edm
5379,tor
5381,wpg
5383,orr
5385,ssk
5387,cgy
5389,ham
5391,orr
5393,bc
5395,tor
5397,tor
5399,wpg
5401,mtl
5403,cgy
5405,ham
5407,edm
5409,ssk
5411,wpg
5413,orr
5415,edm
5417,ham
5419,ssk
5421,cgy
5423,mtl
5425,orr
5427,bc
5429,tor
5431,edm
5433,wpg
5435,mtl
5437,ssk
5439,cgy
5441,ham
5443,orr
5445,wpg
5447,edm
5449,tor
5451,bc
5453,mtl
5455,ssk
5457,cgy
5459,ssk
5461,ham
5463,edm
5465,tor
5467,orr
5469,wpg
5471,cgy
5473,mtl
5475,bc
5477,ham
5479,ssk
5481,orr
5483,tor
5485,wpg
5487,edm
5489,mtl
5491,bc
5493,ham
5495,cgy
5497,mtl
5499,cgy
5501,edm
5503,orr
5505,edm
5507,orr
5509,ham
5511,wpg
5513,bc
5515,edm
5517,ham
5519,ssk
5521,cgy
5523,mtl
5525,orr
5527,bc
5529,tor
5531,cgy
5533,edm
5535,mtl
5537,wpg
5539,ssk
5541,tor
5543,ham
5545,bc
5547,wpg
5549,orr
5551,edm
5553,cgy
5555,tor
5557,ssk
5559,mtl
5561,bc
5563,tor
5565,wpg
5567,ham
5569,edm
5571,orr
5573,cgy
5575,ssk
5577,bc
5579,tor
5581,mtl
5583,orr
5585,edm
5587,tor
5589,wpg
5591,mtl
5593,cgy
5595,bc
5597,ham
5599,ssk
5601,wpg
5603,edm
5605,orr
5607,ham
5609,ssk
5611,cgy
5613,mtl
5615,tor
5617,bc
5619,orr
5621,wpg
5623,cgy
5625,edm
5627,tor
5629,ssk
5631,wpg
5633,bc
5635,ham
5637,cgy
5639,orr
5641,mtl
5643,wpg
5645,ssk
5647,cgy
5649,mtl
5651,ham
5653,edm
5655,orr
5657,bc
5659,wpg
5661,tor
5663,ssk
5665,mtl
5667,ham
5669,wpg
5671,edm
5673,mtl
5675,orr
5677,ssk
5679,cgy
5681,tor
5683,bc
5685,ham
5687,edm
5689,bc
5691,orr
5693,mtl
5695,edm
5697,mtl
5699,ssk
5701,orr
5703,cgy
5705,bc
5707,ham
5709,edm
5711,tor
5713,orr
5715,wpg
5717,mtl
5719,cgy
5721,bc
5723,ham
5725,edm
5727,ssk
5729,tor
5731,mtl
5733,wpg
5735,edm
5737,ham
5739,wpg
5741,bc
5743,ssk
5745,orr
5747,tor
5749,cgy
5751,bc
5753,orr
5755,wpg
5757,tor
5759,edm
5761,ham
5763,wpg
5765,tor
5767,cgy
5769,mtl
5771,ssk
5773,orr
5775,bc
5777,tor
5779,cgy
5781,edm
5783,mtl
5785,bc
5787,ham
5789,ssk
5791,mtl
5793,edm
5795,orr
5797,wpg
5799,mtl
5801,ham
5803,ssk
5805,cgy
5807,orr
5809,tor
5811,edm
5813,bc
5815,cgy
5817,orr
5819,wpg
5821,ssk
5823,ham
5825,edm
5827,mtl
5829,ssk
5831,tor
5833,wpg
5835,bc
5837,mtl
5839,cgy
5841,ssk
5843,ham
5845,edm
5847,orr
5849,tor
5851,wpg
5853,bc
5855,mtl
5857,ham
5859,ssk
5861,cgy
5863,tor
5865,wpg
5867,orr
5869,edm
5871,mtl
5873,bc
5875,ham
5877,cgy
5879,ham
5881,edm
5883,ssk
5885,orr
5887,orr
5889,wpg
5891,edm
5893,cgy
5895,ham
5897,bc
5899,ssk
5901,tor
5903,mtl
5905,edm
5907,orr
5909,wpg
5911,tor
5913,ham
5915,ssk
5917,mtl
5919,orr
5921,cgy
5923,bc
5925,ham
5927,ssk
5929,tor
5931,wpg
5933,mtl
5935,edm
5937,ham
5939,cgy
5941,tor
5943,mtl
5945,bc
5947,orr
5949,wpg
5951,ssk
5953,orr
5955,cgy
5957,tor
5959,bc
5961,wpg
5963,ham
5965,edm
5967,cgy
5969,ssk
5971,wpg
5973,mtl
5975,edm
5977,ham
5979,ssk
5981,cgy
5983,mtl
5985,bc
5987,edm
5989,tor
5991,orr
5993,wpg
5995,ssk
5997,mtl
5999,bc
6001,ham
6003,cgy
6005,orr
6007,bc
6009,tor
6011,ssk
6013,edm
6015,wpg
6017,orr
6019,ssk
6021,cgy
6023,ham
6025,tor
6027,bc
6029,mtl
6031,edm
6033,orr
6035,ham
6037,wpg
6039,tor
6041,edm
6043,orr
6045,cgy
6047,mtl
6049,wpg
6051,ssk
6053,tor
6055,bc
6057,mtl
6059,edm
6061,ham
6063,bc
6065,orr
6067,cgy
6069,ssk
6071,mtl
6073,orr
6075,edm
6077,edm
6079,mtl
6081,bc
6083,tor
6085,cgy
6087,wpg
6089,edm
6091,ham
6093,ssk
6095,orr
6097,tor
6099,mtl
6101,edm
6103,wpg
6105,bc
6107,ham
6109,orr
6111,cgy
6113,ssk
6115,mtl
6117,tor
6119,bc
6121,edm
6123,ham
6125,mtl
6127,wpg
6129,cgy
6131,edm
6133,orr
6135,tor
6137,bc
6139,ssk
6141,orr
6143,tor
6145,cgy
6147,ssk
6149,edm
6151,ham
6153,wpg
6155,cgy
6157,bc
6159,ssk
6161,mtl
6163,edm
6165,wpg
6167,ssk
6169,cgy
6171,ham
6173,tor
6175,orr
6177,bc
6179,mtl
6181,edm
6183,ham
6185,tor
6187,ssk
6189,orr
6191,mtl
6193,ham
6195,wpg
6197,tor
6199,bc
6201,orr
6203,cgy
6205,edm
6207,wpg
6209,orr
6211,ssk
6213,bc
6215,tor
6217,ham
6219,wpg
6221,cgy
6223,mtl
6225,orr
6227,mtl
6229,ssk
6231,ham
6233,edm
6235,bc
6237,orr
6239,wpg
6241,cgy
6243,edm
6245,tor
6247,ssk
6249,cgy
6251,mtl
6253,bc
6255,ham
6257,wpg
6259,orr
6261,ssk
6263,mtl
6265,edm
6267,mtl
6269,ssk
6271,orr
6273,ham
6275,cgy
6277,edm
6279,bc
6281,wpg
6283,orr
6285,mtl
6287,tor
6289,wpg
6291,edm
6293,mtl
6295,tor
6297,ssk
6299,ham
6301,cgy
6303,bc
6305,orr
6307,wpg
6309,bc
6311,ham
6313,cgy
6315,edm
6317,mtl
6319,tor
6321,ssk
6323,wpg
6325,orr
6327,bc
6329,tor
6331,cgy
6333,ssk
6335,ham
6337,wpg
6339,cgy
6341,mtl
6343,bc
6345,edm
6347,wpg
6349,mtl
6351,ham
6353,ssk
6355,cgy
6357,orr
6359,edm
6361,tor
6363,ssk
6365,bc
6367,wpg
6369,ham
6371,edm
6373,mtl
6375,bc
6377,tor
6379,orr
6381,mtl
6383,cgy
6385,ham
6387,ssk
6389,bc
6391,orr
6393,cgy
6395,edm
6397,wpg
6399,tor
6401,ssk
6403,mtl
6405,ham
6407,edm
6409,bc
6411,tor
6413,wpg
6415,cgy
6417,mtl
6419,edm
6421,orr
6423,ssk
6425,cgy
6427,orr
6429,wpg
6431,ssk
6433,tor
6435,bc
6437,ham
6439,edm
6441,tor
6443,ssk
6445,orr
6447,edm
6449,orr
6451,mtl
6453,tor
6455,ssk
6457,cgy
6459,ham
6461,edm
6463,orr
6465,tor
6467,bc
6469,wpg
6471,edm
6473,orr
6475,ham
6477,ssk
6479,cgy
6481,wpg
6483,bc
6485,mtl
6487,ham
6489,edm
6491,orr
6493,cgy
6495,tor
6497,bc
6499,wpg
6501,ssk
6503,mtl
6505,edm
6507,cgy
6509,tor
6511,ssk
6513,bc
6515,ham
6517,cgy
6519,wpg
6521,mtl
6523,edm
6525,ssk
6527,orr
6529,wpg
6531,mtl
6533,ham
6535,ssk
6537,cgy
6539,wpg
6541,orr
6543,tor
6545,edm
6547,bc
6549,orr
6551,wpg
6553,mtl
6555,ssk
6557,tor
6559,edm
6561,cgy
6563,ham
6565,ssk
6567,bc
6569,wpg
6571,tor
6573,orr
6575,cgy
6577,mtl
6579,bc
6581,ham
6583,tor
6585,ssk
6587,orr
6589,edm
6591,mtl
6593,bc
6595,cgy
6597,wpg
6599,ham
6601,bc
6603,mtl
6605,edm
6607,tor
6609,cgy
6611,ssk
6613,wpg
6615,orr
6617,bc
6619,ham
6621,edm
6623,orr
6625,edm
6627,orr
6629,wpg
6631,wpg
6633,ham
6635,ham
6637,orr
6639,bc
6641,ham
6643,cgy
6645,tor
6647,edm
6649,mtl
6651,bc
6653,wpg
6655,ssk
6657,tor
6659,edm
6661,mtl
6663,orr
6665,ssk
6667,wpg
6669,ham
6671,orr
6673,bc
6675,tor
6677,ham
6679,ssk
6681,wpg
6683,mtl
6685,cgy
6687,edm
6689,tor
6691,wpg
6693,orr
6695,edm
6697,mtl
6699,ssk
6701,cgy
6703,cgy
6705,tor
6707,wpg
6709,cgy
6711,ham
6713,edm
6715,ssk
6717,bc
6719,mtl
6721,wpg
6723,edm
6725,orr
6727,ham
6729,ssk
6731,cgy
6733,mtl
6735,wpg
6737,tor
6739,bc
6741,cgy
6743,ham
6745,edm
6747,orr
6749,wpg
6751,mtl
6753,tor
6755,bc
6757,ham
6759,ssk
6761,edm
6763,wpg
6765,bc
6767,ot
6769,cgy
6771,ssk
6773,orr
6775,mtl
6777,edm
6779,ham
6781,cgy
6783,bc
6785,tor
6787,ssk
6789,wpg
6791,ham
6793,cgy
6795,mtl
6797,ssk
6799,orr
6801,bc
6803,tor
6805,edm
6807,ssk
6809,ham
6811,cgy
6813,ham
6815,ssk
6817,tor
6819,cgy
6821,bc
6823,mtl
6825,tor
6827,cgy
6829,ham
6831,ssk
6833,orr
6835,wpg
6837,edm
6839,mtl
6841,bc
6843,ssk
6845,orr
6847,cgy
6849,wpg
6851,edm
6853,ham
6855,ssk
6857,bc
6859,orr
6861,cgy
6863,ssk
6865,mtl
6867,wpg
6869,edm
6871,ham
6873,cgy
6875,orr
6877,wpg
6879,tor
6881,edm
6883,ssk
6885,mtl
6887,tor
6889,bc
6891,ham
6893,edm
6895,wpg
6897,cgy
6899,bc
6901,ssk
6903,edm
6905,orr
6907,wpg
6909,ham
6911,orr
6913,cgy
6915,ssk
6917,mtl
6919,edm
6921,tor
6923,bc
6925,ham
6927,ssk
6929,orr
6931,tor
6933,wpg
6935,bc
6937,edm
6939,cgy
6941,mtl
6943,wpg
6945,orr
6947,bc
6949,ssk
6951,ham
6953,cgy
6955,tor
6957,ssk
6959,ham
6961,edm
6963,mtl
6965,orr
6967,wpg
6969,tor
6971,cgy
6973,bc
6975,mtl
6977,edm
6979,ham
6981,cgy
6983,ssk
6985,tor
6987,mtl
6989,cgy
6991,bc
6993,tor
6995,edm
6997,ssk
6999,mtl
7001,cgy
7003,ham
7005,ssk
7007,mtl
7009,mtl
7011,cgy
7013,wpg
7015,wpg
7017,bc
7019,bc
7021,tor
7023,ssk
7025,orr
7027,wpg
7029,mtl
7031,tor
7033,ssk
7035,edm
7037,ham
7039,cgy
7041,orr
7043,bc
7045,mtl
7047,wpg
7049,orr
7051,bc
7053,tor
7055,ssk
7057,edm
7059,mtl
7061,cgy
7063,ham
7065,edm
7067,orr
7069,tor
7071,ssk
7073,ham
7075,mtl
7077,wpg
7079,ssk
7081,bc
7083,cgy
7085,wpg
7087,edm
7089,ham
7091,ssk
7093,cgy
7095,mtl
7097,orr
7099,edm
7101,bc
7103,tor
7105,mtl
7107,wpg
7109,orr
7111,cgy
7113,ssk
7115,edm
7117,bc
7119,tor
7121,cgy
7123,ham
7125,wpg
7127,orr
7129,bc
7131,mtl
7133,ssk
7135,ham
7137,orr
7139,mtl
7141,edm
7143,wpg
7145,tor
7147,bc
7149,ssk
7151,cgy
7153,ham
7155,edm
7157,wpg
7159,bc
7161,tor
7163,ssk
7165,orr
7167,cgy
7169,mtl
7171,wpg
7173,bc
7175,ham
7177,tor
7179,edm
7181,cgy
7183,tor
7185,ssk
7187,tor
7189,cgy
7191,orr
7193,orr
7195,cgy
7197,mtl
7199,tor
7201,bc
7203,orr
7205,edm
7207,mtl
7209,ham
7211,wpg
7213,orr
7215,ssk
7217,tor
7219,edm
7221,orr
7223,cgy
7225,ssk
7227,bc
7229,mtl
7231,cgy
7233,wpg
7235,mtl
7237,orr
7239,tor
7241,ssk
7243,bc
7245,edm
7247,tor
7249,ham
7251,cgy
7253,orr
7255,bc
7257,ham
7259,wpg
7261,edm
7263,cgy
7265,mtl
7267,ssk
7269,bc
7271,edm
7273,mtl
7275,ham
7277,ssk
7279,cgy
7281,orr
7283,bc
7285,tor
7287,wpg
7289,cgy
7291,edm
7293,bc
7295,mtl
7297,ssk
7299,ham
7301,orr
7303,tor
7305,wpg
7307,ssk
7309,mtl
7311,edm
7313,wpg
7315,cgy
7317,bc
7319,ham
7321,edm
7323,orr
7325,ssk
7327,cgy
7329,tor
7331,ham
7333,wpg
7335,mtl
7337,ssk
7339,orr
7341,bc
7343,tor
7345,edm
7347,wpg
7349,orr
7351,cgy
7353,ham
7355,edm
7357,ssk
7359,mtl
7361,bc
7363,tor
7365,wpg
7367,tor
7369,cgy
7371,ssk
7373,tor
7375,cgy
7377,orr
7379,orr
7381,cgy
7383,edm
7385,bc
7387,orr
7389,wpg
7391,tor
7393,ssk
7395,ham
7397,cgy
7399,wpg
7401,bc
7403,mtl
7405,edm
7407,ham
7409,cgy
7411,ssk
7413,mtl
7415,bc
7417,edm
7419,wpg
7421,ham
7423,orr
7425,ssk
7427,cgy
7429,mtl
7431,bc
7433,tor
7435,ssk
7437,cgy
7439,ssk
7441,mtl
7443,orr
7445,wpg
7447,edm
7449,tor
7451,ham
7453,wpg
7455,orr
7457,ssk
7459,bc
7461,tor
7463,edm
7465,ham
7467,wpg
7469,mtl
7471,cgy
7473,tor
7475,bc
7477,orr
7479,ssk
7481,mtl
7483,ham
7485,cgy
7487,edm
7489,orr
7491,edm
7493,ssk
7495,tor
7497,wpg
7499,bc
7501,orr
7503,cgy
7505,ham
7507,ssk
7509,edm
7511,mtl
7513,bc
7515,tor
7517,wpg
7519,ssk
7521,orr
7523,cgy
7525,orr
7527,ssk
7529,ham
7531,cgy
7533,ham
7535,edm
7537,wpg
7539,cgy
7541,orr
7543,tor
7545,bc
7547,ssk
7549,orr
7551,ssk
7553,edm
7555,tor
7557,ham
7559,cgy
7561,mtl
7563,bc
7565,ham
7567,ssk
7569,wpg
7571,mtl
7573,edm
7575,bc
7577,orr
7579,wpg
7581,edm
7583,ssk
7585,cgy
7587,ham
7589,mtl
7591,bc
7593,orr
7595,wpg
7597,tor
7599,cgy
7601,bc
7603,ham
7605,ssk
7607,edm
7609,wpg
7611,ham
7613,cgy
7615,tor
7617,orr
7619,wpg
7621,mtl
7623,tor
7625,cgy
7627,edm
7629,ssk
7631,bc
7633,ssk
7635,orr
7637,edm
7639,ham
7641,mtl
7643,bc
7645,tor
7647,wpg
7649,orr
7651,cgy
7653,ssk
7655,mtl
7657,wpg
7659,tor
7661,cgy
7663,edm
7665,ham
7667,bc
7669,mtl
7671,wpg
7673,ham
7675,ssk
7677,ham
7679,wpg
7681,orr
7683,ssk
7685,edm
7687,cgy
7689,wpg
7691,ssk
7693,tor
7695,bc
7697,ham
7699,wpg
7701,orr
7703,edm
7705,tor
7707,bc
7709,cgy
7711,mtl
7713,ssk
7715,ham
7717,edm
7719,wpg
7721,mtl
7723,cgy
7725,bc
7727,edm
7729,ssk
7731,wpg
7733,orr
7735,cgy
7737,ssk
7739,ham
7741,tor
7743,bc
7745,edm
7747,orr
7749,mtl
7751,bc
7753,ssk
7755,wpg
7757,tor
7759,edm
7761,mtl
7763,cgy
7765,orr
7767,tor
7769,ssk
7771,ham
7773,bc
7775,cgy
7777,wpg
7779,mtl
7781,ssk
7783,tor
7785,edm
7787,wpg
7789,mtl
7791,ham
7793,cgy
7795,tor
7797,ham
7799,ssk
7801,orr
7803,wpg
7805,ssk
7807,cgy
7809,mtl
7811,orr
7813,bc
7815,cgy
7817,edm
7819,orr
7821,bc
7823,ham
7825,orr
7827,wpg
7829,cgy
7831,orr
7833,wpg
7835,cgy
7837,ham
7839,ham
7841,cgy
7843,wpg
7845,edm
7847,ssk
7849,tor
7851,ham
7853,bc
7855,wpg
7857,ssk
7859,orr
7861,tor
7863,cgy
7865,orr
7867,bc
7869,mtl
7871,ham
7873,ssk
7875,mtl
7877,edm
7879,bc
7881,orr
7883,wpg
7885,edm
7887,cgy
7889,ssk
7891,ham
7893,bc
7895,mtl
7897,orr
7899,wpg
7901,tor
7903,ham
7905,edm
7907,ssk
7909,mtl
7911,tor
7913,cgy
7915,bc
7917,ssk
7919,orr
7921,wpg
7923,edm
7925,cgy
7927,tor
7929,ham
7931,wpg
7933,mtl
7935,orr
7937,edm
7939,cgy
7941,bc
7943,wpg
7945,ssk
7947,ham
7949,cgy
7951,edm
7953,orr
7955,tor
7957,wpg
7959,bc
7961,edm
7963,ham
7965,mtl
7967,cgy
7969,ssk
7971,tor
7973,ham
7975,bc
7977,orr
7979,cgy
7981,cgy
7983,orr
7985,cgy
7987,bc
7989,ham
7991,bc
7993,bc
7995,edm
7997,cgy
7999,ssk
8001,tor
8003,ham
8005,wpg
8007,bc
8009,orr
8011,ssk
8013,edm
8015,wpg
8017,cgy
8019,bc
8021,ssk
8023,edm
8025,mtl
8027,ham
8029,cgy
8031,wpg
8033,ssk
8035,cgy
8037,ham
8039,mtl
8041,tor
8043,orr
8045,edm
8047,bc
8049,mtl
8051,ssk
8053,wpg
8055,cgy
8057,edm
8059,tor
8061,bc
8063,ssk
8065,ham
8067,tor
8069,wpg
8071,ssk
8073,orr
8075,mtl
8077,edm
8079,orr
8081,ham
8083,bc
8085,wpg
8087,tor
8089,ssk
8091,edm
8093,wpg
8095,cgy
8097,bc
8099,orr
8101,mtl
8103,cgy
8105,ham
8107,ssk
8109,orr
8111,bc
8113,tor
8115,mtl
8117,ham
8119,edm
8121,wpg
8123,tor
8125,cgy
8127,orr
8129,mtl
8131,bc
8133,orr
8135,cgy
8137,ssk
8139,ssk
8141,orr
8143,bc
8145,bc
8147,ham
8149,ham
8151,ssk
8153,bc
8155,wpg
8157,orr
8159,tor
8161,cgy
8163,edm
8165,bc
8167,mtl
8169,ham
8171,ssk
8173,cgy
8175,wpg
8177,edm
8179,mtl
8181,cgy
8183,bc
8185,wpg
8187,edm
8189,orr
8191,ssk
8193,cgy
8195,ham
8197,mtl
8199,orr
8201,edm
8203,tor
8205,ham
8207,ssk
8209,edm
8211,cgy
8213,tor
8215,wpg
8217,bc
8219,orr
8221,ssk
8223,mtl
8225,bc
8227,tor
8229,ham
8231,wpg
8233,ssk
8235,orr
8237,edm
8239,cgy
8241,tor
8243,wpg
8245,edm
8247,ssk
8249,mtl
8251,orr
8253,wpg
8255,bc
8257,tor
8259,ham
8261,orr
8263,cgy
8265,edm
8267,ham
8269,ssk
8271,cgy
8273,mtl
8275,bc
8277,tor
8279,mtl
8281,wpg
8283,ham
8285,bc
8287,cgy
8289,orr
8291,ssk
8293,cgy
8295,mtl
8297,wpg
8299,wpg
8301,ham
8303,wpg
8305,cgy
8307,bc
8309,ssk
8311,mtl
8313,orr
8315,edm
8317,tor
8319,ham
8321,wpg
8323,cgy
8325,tor
8327,edm
8329,bc
8331,wpg
8333,ssk
8335,mtl
8337,cgy
8339,edm
8341,ssk
8343,wpg
8345,orr
8347,cgy
8349,ham
8351,ssk
8353,mtl
8355,bc
8357,orr
8359,tor
8361,ham
8363,wpg
8365,cgy
8367,edm
8369,mtl
8371,ssk
8373,bc
8375,cgy
8377,edm
8379,ham
8381,orr
8383,ssk
8385,tor
8387,bc
8389,wpg
8391,orr
8393,mtl
8395,edm
8397,wpg
8399,mtl
8401,ssk
8403,ham
8405,cgy
8407,edm
8409,orr
8411,tor
8413,bc
8415,ssk
8417,orr
8419,ham
8421,bc
8423,ham
8425,tor
8427,cgy
8429,wpg
8431,edm
8433,mtl
8435,orr
8437,bc
8439,orr
8441,cgy
8443,edm
8445,cgy
8447,tor
8449,wpg
8451,ham
8453,wpg
8455,bc
8457,ssk
8459,cgy
8461,edm
8463,orr
8465,mtl
8467,wpg
8469,tor
8471,bc
8473,ham
8475,edm
8477,cgy
8479,wpg
8481,mtl
8483,ssk
8485,cgy
8487,bc
8489,orr
8491,wpg
8493,edm
8495,orr
8497,ham
8499,mtl
8501,ssk
8503,cgy
8505,edm
8507,tor
8509,wpg
8511,bc
8513,mtl
8515,orr
8517,ssk
8519,bc
8521,ham
8523,tor
8525,cgy
8527,edm
8529,cgy
8531,ham
8533,mtl
8535,ssk
8537,ham
8539,edm
8541,wpg
8543,tor
8545,orr
8547,cgy
8549,bc
8551,tor
8553,orr
8555,edm
8557,mtl
8559,ham
8561,ssk
8563,wpg
8565,mtl
8567,ssk
8569,cgy
8571,tor
8573,edm
8575,bc
8577,ssk
8579,orr
8581,ham
8583,wpg
8585,ham
8587,bc
8589,tor
8591,bc
8593,ssk
8595,cgy
8597,edm
8599,orr
8601,ham
8603,bc
8605,wpg
8607,tor
8609,mtl
8611,cgy
8613,edm
8615,wpg
8617,mtl
8619,ham
8621,ssk
8623,bc
8625,cgy
8627,wpg
8629,edm
8631,orr
8633,ham
8635,ssk
8637,cgy
8639,wpg
8641,edm
8643,mtl
8645,tor
8647,bc
8649,orr
8651,ham
8653,mtl
8655,bc
8657,ssk
8659,tor
8661,edm
8663,cgy
8665,cgy
8667,orr
8669,tor
8671,ssk
8673,wpg
8675,edm
8677,mtl
8679,ham
8681,wpg
8683,bc
8685,cgy
8687,bc
8689,tor
8691,orr
8693,mtl
8695,ham
8697,edm
8699,ssk
8701,cgy
8703,wpg
8705,orr
8707,tor
8709,edm
8711,ssk
8713,bc
8715,ssk
8717,ham
8719,orr
8721,wpg
8723,tor
8725,mtl
8727,wpg
8729,bc
8731,edm
8733,cgy
8735,orr
8737,mtl
8739,ssk
8741,tor
8743,ham
8745,cgy
8747,bc
8749,edm
8751,wpg
8753,mtl
8755,ham
8757,ssk
8759,cgy
8761,tor
8763,orr
8765,wpg
8767,bc
8769,edm
8771,cgy
8773,edm
8775,mtl
8777,ham
8779,bc
8781,ssk
8783,wpg
8785,ssk
8787,tor
8789,mtl
8791,ham
8793,orr
8795,edm
8797,cgy
8799,bc
8801,wpg
8803,cgy
8805,edm
8807,orr
8809,tor
8811,bc
8813,ssk
8815,edm
8817,wpg
8819,orr
8821,ham
8823,mtl
8825,tor
8827,cgy
8829,ssk
8831,ssk
8833,bc
8835,orr
8837,ham
8839,wpg
8841,edm
8843,cgy
8845,mtl
8847,tor
8849,wpg
8851,ssk
8853,bc
8855,orr
8857,tor
8859,ham
8861,mtl
8863,wpg
8865,bc
8867,cgy
8869,edm
8871,orr
8873,mtl
8875,tor
8877,ham
8879,cgy
8881,ssk
8883,bc
8885,wpg
8887,cgy
8889,mtl
8891,ham
8893,edm
8895,ssk
8897,tor
8899,orr
8901,wpg
8903,bc
8905,cgy
8907,cgy
8909,edm
8911,mtl
8913,ham
8915,ssk
8917,bc
8919,wpg
8921,ssk
8923,tor
8925,mtl
8927,cgy
8929,edm
8931,ham
8933,orr
8935,wpg
8937,bc
8939,wpg
8941,cgy
8943,edm
8945,orr
8947,tor
8949,ssk
8951,bc
8953,wpg
8955,edm
8957,orr
8959,ham
8961,tor
8963,mtl
8965,ssk
8967,cgy
8969,bc
8971,cgy
8973,ham
8975,tor
8977,wpg
8979,edm
8981,ssk
8983,orr
8985,mtl
8987,wpg
8989,ssk
8991,bc
8993,tor
8995,orr
8997,ham
8999,mtl
9001,edm
9003,cgy
9005,bc
9007,ham
9009,mtl
9011,edm
9013,ssk
9015,bc
9017,wpg
9019,tor
9021,orr
9023,wpg
9025,cgy
9027,ssk
9029,edm
9031,mtl
9033,ham
9035,orr
9037,tor
9039,bc
9041,ssk
9043,cgy
9045,wpg
9047,mtl
9049,ham
9051,orr
9053,tor
9055,cgy
9057,edm
9059,ssk
9061,bc
9063,wpg
9065,edm
9067,mtl
9069,tor
9071,bc
9073,cgy
9075,ssk
9077,orr
9079,ham
9081,wpg
9083,edm
9085,wpg
9087,bc
9089,orr
9091,ham
9093,tor
9095,mtl
9097,cgy
9099,ssk
9101,ssk
9103,bc
9105,tor
9107,ham
9109,cgy
9111,edm
9113,wpg
9115,bc
9117,orr
9119,mtl
9121,cgy
9123,edm
9125,ssk
9127,wpg
9129,ham
9131,tor
9133,orr
9135,mtl
9137,ssk
9139,cgy
9141,wpg
9143,bc
9145,edm
9147,cgy
9149,wpg
9151,bc
9153,edm
9155,wpg
9157,tor
9159,mtl
9161,orr
9163,ham
9165,cgy
9167,ssk
9169,bc
9171,ssk
9173,ham
9175,mtl
9177,edm
9179,wpg
9181,bc
9183,ssk
9185,mtl
9187,cgy
9189,tor
9191,edm
9193,ssk
9195,cgy
9197,orr
9199,ham
9201,wpg
9203,bc
9205,bc
9207,wpg
9209,tor
9211,orr
9213,cgy
9215,edm
9217,edm
9219,cgy
9221,ham
9223,orr
9225,mtl
9227,tor
9229,bc
9231,ssk
9233,bc
9235,ssk
9237,ham
9239,mtl
9241,tor
9243,orr
9245,edm
9247,ssk
9249,wpg
9251,cgy
9253,wpg
9255,edm
9257,mtl
9259,tor
9261,orr
9263,ham
9265,wpg
9267,ssk
9269,ssk
9271,wpg
9273,cgy
9275,wpg
9277,ham
9279,tor
9281,cgy
9283,ssk
9285,wpg
9287,cgy
9289,tor
9291,mtl
9293,orr
9295,ham
9297,ssk
9299,edm
9301,ssk
9303,edm
9305,tor
9307,mtl
9309,cgy
9311,wpg
9313,ssk
9315,bc
9317,ham
9319,orr
9321,bc
9323,wpg
9325,edm
9327,cgy
9329,orr
9331,mtl
9333,cgy
9335,edm
9337,cgy
9339,ssk
9341,tor
9343,ham
9345,edm
9347,wpg
9349,wpg
9351,bc
9353,ham
9355,orr
9357,mtl
9359,tor
9361,cgy
9363,ssk
9365,ssk
9367,edm
9369,mtl
9371,orr
9373,wpg
9375,bc
9377,bc
9379,edm
9381,tor
9383,ham
9385,edm
9387,bc
9389,mtl
9391,orr
9393,tor
9395,mtl
9397,orr
9399,ham
9401,ssk
9403,ham
9405,edm
9407,edm
9409,tor
9411,ham
9413,ssk
9415,wpg
9417,ssk
9419,wpg
9421,mtl
9423,wpg
9425,cgy
9427,orr
9429,ham
9431,ssk
9433,edm
9435,mtl
9437,tor
9439,edm
9441,cgy
9443,cgy
9445,edm
9447,ham
9449,orr
9451,tor
9453,wpg
9455,ssk
9457,mtl
9459,orr
9461,ham
9463,ssk
9465,edm
9467,cgy
9469,wpg
9471,ssk
9473,ssk
9475,orr
9477,wpg
9479,ssk
9481,cgy
9483,wpg
9485,tor
9487,orr
9489,mtl
9491,ham
9493,ssk
9495,edm
9497,edm
9499,ssk
9501,orr
9503,mtl
9505,edm
9507,cgy
9509,edm
9511,cgy
9513,tor
9515,mtl
9517,tor
9519,ham
9521,orr
9523,mtl
9525,tor
9527,ham
9529,ssk
9531,wpg
9533,mtl
9535,ham
9537,wpg
9539,ssk
9541,wpg
9543,mtl
9545,ssk
9547,wpg
9549,cgy
9551,ssk
9553,edm
9555,ham
9557,tor
9559,orr
9561,edm
9563,cgy
9565,cgy
9567,edm
9569,ssk
9571,wpg
9573,ham
9575,tor
9577,tor
9579,orr
9581,ssk
9583,edm
9585,cgy
9587,wpg
9589,ssk
9591,wpg
9593,ham
9595,orr
9597,wpg
9599,ssk
9601,cgy
9603,edm
9605,orr
9607,mtl
9609,edm
9611,cgy
9613,edm
9615,wpg
9617,tor
9619,ssk
9621,mtl
9623,ham
9625,ssk
9627,cgy
9629,cgy
9631,edm
9633,orr
9635,ham
9637,tor
9639,mtl
9641,ham
9643,mtl
9645,orr
9647,tor
9649,cgy
9651,wpg
9653,ham
9655,tor
9657,wpg
9659,ssk
9661,ssk
9663,wpg
9665,ham
9667,wpg
9669,cgy
9671,orr
9673,ham
9675,edm
9677,ssk
9679,cgy
9681,edm
9683,tor
9685,orr
9687,mtl
9689,cgy
9691,edm
9693,cgy
9695,ssk
9697,tor
9699,ham
9701,tor
9703,edm
9705,wpg
9707,mtl
9709,cgy
9711,edm
9713,cgy
9715,edm
9717,ssk
9719,wpg
9721,orr
9723,tor
9725,ham
9727,mtl
9729,wpg
9731,ssk
9733,ssk
9735,edm
9737,orr
9739,mtl
9741,ham
9743,tor
9745,cgy
9747,wpg
9749,mtl
9751,orr
9753,mtl
9755,tor
9757,ham
9759,wpg
9761,ham
9763,ssk
9765,orr
9767,orr
9769,ssk
9771,wpg
9773,wpg
9775,ssk
9777,cgy
9779,tor
9781,orr
9783,ham
9785,edm
9787,ssk
9789,cgy
9791,edm
9793,tor
9795,ham
9797,edm
9799,cgy
9801,cgy
9803,ssk
9805,tor
9807,orr
9809,tor
9811,ham
9813,edm
9815,edm
9817,edm
9819,cgy
9821,orr
9823,mtl
9825,edm
9827,cgy
9829,ssk
9831,wpg
9833,orr
9835,tor
9837,orr
9839,mtl
9841,ham
9843,ssk
9845,wpg
9847,ssk
9849,edm
9851,mtl
9853,ham
9855,wpg
9857,wpg
9859,cgy
9861,mtl
9863,orr
9865,mtl
9867,tor
9869,ham
9871,tor
9873,orr
9875,ssk
9877,wpg
9879,tor
9881,tor
9883,mtl
9885,wpg
9887,rro
9889,edm
9891,orr
9893,tor
9895,hti
9897,tor
9899,hti
9901,cgy
9903,edm
9905,cgy
9907,edm
9909,tor
9911,orr
9913,cgy
9915,rro
9917,rro
9919,wpg
9921,mtl
9923,hti
9925,wpg
9927,cgy
9929,orr
9931,rro
9933,edm
9935,hti
9937,orr
9939,wpg
9941,rro
9943,mtl
9945,tor
9947,wpg
9949,rro
9951,tor
9953,hti
9955,wpg
9957,cgy
9959,mtl
9961,hti
9963,tor
9965,cgy
9967,edm
9969,cgy
9971,edm
9973,orr
9975,cgy
9977,mtl
9979,cgy
9981,rro
9983,orr
9985,mtl
9987,mtl
9989,cgy
9991,mtl
9993,mtl
9995,tor
9997,bc
9999,ssk
10001,ham
10003,wpg
10005,edm
10007,orr
10009,orr
10011,ssk
10013,bc
10015,tor
10017,edm
10019,ham
10021,cgy
10023,wpg
10025,orr
10027,ssk
10029,bc
10031,ham
10033,wpg
10035,bc
10037,cgy
10039,tor
10041,edm
10043,wpg
10045,orr
10047,cgy
10049,ssk
10051,edm
10053,ham
10055,orr
10057,ssk
10059,bc
10061,tor
10063,cgy
10065,ham
10067,edm
10069,orr
10071,wpg
10073,tor
10075,ssk
10077,cgy
10079,ham
10081,bc
10083,edm
10085,wpg
10087,orr
10089,bc
10091,cgy
10093,ham
10095,ssk
10097,tor
10099,edm
10101,ham
10103,wpg
10105,edm
10107,tor
10109,orr
10111,ssk
10113,wpg
10115,bc
10117,cgy
10119,ham
10121,tor
10123,orr
10125,ssk
10127,cgy
10129,tor
10131,ham
10133,wpg
10135,edm
10137,bc
10139,orr
10141,ssk
10143,edm
10145,tor
10147,bc
10149,wpg
10151,cgy
10153,tor
10155,edm
10157,wpg
10159,cgy
10161,wpg
10163,mtl
10165,orr
10167,ham
10169,wpg
10171,ssk
10173,tor
10175,cgy
10177,orr
10179,bc
10181,cgy
10183,edm
10185,mtl
10187,ssk
10189,wpg
10191,ham
10193,bc
10195,edm
10197,orr
10199,ssk
10201,ham
10203,cgy
10205,mtl
10207,wpg
10209,tor
10211,edm
10213,cgy
10215,bc
10217,ham
10219,ssk
10221,orr
10223,edm
10225,tor
10227,wpg
10229,orr
10231,bc
10233,mtl
10235,ssk
10237,cgy
10239,wpg
10241,ham
10243,edm
10245,tor
10247,bc
10249,orr
10251,ssk
10253,mtl
10255,edm
10257,ham
10259,cgy
10261,tor
10263,bc
10265,mtl
10267,wpg
10269,orr
10271,wpg
10273,ham
10275,bc
10277,edm
10279,ham
10281,bc
10283,mtl
10285,cgy
10287,tor
10289,wpg
10291,edm
10293,ssk
10295,ham
10297,bc
10299,edm
10301,cgy
10303,mtl
10305,bc
10307,tor
10309,ssk
10311,mtl
10313,edm
10315,ssk
10317,ham
10319,tor
10321,cgy
10323,bc
10325,ham
10327,wpg
10329,mtl
10331,ssk
10333,cgy
10335,wpg
10337,tor
10339,ham
10341,edm
10343,wpg
10345,edm
10347,cgy
10349,bc
10351,mtl
10353,wpg
10355,ssk
10357,tor
10359,mtl
10361,ssk
10363,ham
10365,cgy
10367,edm
10369,tor
10371,bc
10373,wpg
10375,cgy
10377,ham
10379,bc
10381,mtl
10383,wpg
10385,edm
10387,mtl
10389,ssk
10391,ham
10393,cgy
10395,wpg
10397,ssk
10399,edm
10401,bc
10403,mtl
10405,tor
10407,ham
10409,wpg
10411,edm
10413,tor
10415,tor
10417,bc
10419,ssk
10421,cgy
10423,cgy
10425,ham
10427,ssk
10429,mtl
10431,tor
10433,edm
10435,wpg
10437,bc
10439,tor
10441,cgy
10443,mtl
10445,bc
10447,tor
10449,UT
10451,UT
10453,UT
10455,HA
10457,HT
10459,tor
10461,HT
10463,UT
10465,tor
10467,QU
10469,QU
10471,QU
10473,OS
10475,OS
10477,tbb
10479,hti
10481,hti
10483,tbb
10485,mww
10487,hti
10489,tor
10491,sim
10493,HT
10495,sim
10497,wwi
10499,tor
10501,tor
10503,wpg
10505,orr
10507,wpg
10509,thu
10511,hfw
10513,sdc
10515,tor
10517,tor
10519,tor
10521,cgy
10523,edm
10525,edm
10527,ham
10529,wpg
10531,wpg
10533,orr
10535,nlp
10537,nlp
10539,nlp
10541,nlp
10543,nlp
10545,wpg
10547,mtl
10549,bc
10551,edm
10553,ssk
10555,cgy
10557,cgy
10559,tor
10561,tor
10563,edm
10565,ham
10567,mtl
10569,ham
10571,wpg
10573,ssk
10575,cgy
10577,bc
10579,edm
10581,wpg
10583,ssk
10585,tor
10587,bc
10589,cgy
10591,wpg
10593,edm
10595,mtl
10597,ham
10599,bc
10601,ssk
10603,ham
10605,ham
10607,tor
10609,cgy
10611,ssk
10613,mtl
10615,wpg
10617,ham
10619,edm
10621,ham
10623,edm
10625,wpg
10627,mtl
10629,cgy
10631,bc
10633,ssk
10635,ssk
10637,mtl
10639,wpg
10641,edm
10643,ham
10645,tor
10647,edm
10649,edm
10651,tor
10653,bc
10655,bc
10657,mtl
10659,cgy
10661,edm
10663,wpg
10665,cgy
10667,ssk
10669,cgy
10671,bc
10673,ssk
10675,tor
10677,mtl
10679,mtl
10681,tor
10683,ham
10685,ham
10687,edm
10689,edm
10691,wpg
10693,ssk
10695,mtl
10697,tor
10699,bc
10701,ham
10703,cgy
10705,tor
10707,bc
10709,wpg
10711,ssk
10713,ham
10715,ssk
10719,tor
10717,cgy
10721,ssk
11803,wpg
11805,edm
11807,ham
11809,ott
11811,cgy
11813,tor
11815,mtl
11817,ssk
11819,bc
12661,wpg
12663,cgy
12665,bc
12667,ssk
12669,wpg
12671,mtl
12673,edm
12675,tor
12677,mtl
12679,edm
12681,tor
12683,ssk
12685,wpg
12687,ott
12689,cgy
12691,bc
12693,edm
12695,bc
12697,ham
12699,ssk
12701,ham
12703,mtl
12705,cgy
12707,ott
12709,wpg
12711,mtl
12713,bc
12715,cgy
12717,tor
12719,ott
12721,ham
12723,ssk
12725,tor
12727,wpg
12729,edm
12731,ott
12733,bc
12735,mtl
12737,ssk
12739,ham
12741,cgy
12743,ott
12745,edm
12747,mtl
12749,wpg
12751,edm
12753,cgy
12755,bc
12757,ham
12759,bc
12761,ham
12763,mtl
12765,ssk
12767,ott
12769,edm
12771,wpg
12773,cgy
12775,ott
12777,ssk
12779,tor
12781,ham
12783,tor
12785,bc
12787,mtl
12789,edm
12791,ham
12793,tor
12795,wpg
12797,ssk
12799,ott
12801,cgy
12803,tor
12805,wpg
12807,ott
12809,cgy
12811,edm
12813,mtl
12815,tor
12817,bc
12819,ham
12821,ssk
12823,mtl
12825,cgy
12827,cgy
12829,edm
12831,ham
12833,ham
12835,tor
12837,cgy
12839,edm
12841,ott
12843,mtl
12845,wpg
12847,ssk
12849,mtl
12851,cgy
12853,tor
12855,ssk
12857,wpg
12859,mtl
12861,ott
12863,ssk
12865,edm
12867,wpg
12869,bc
12871,cgy
12873,mtl
12875,ott
12877,ssk
12879,cgy
12881,ott
12883,bc
12885,edm
12887,ssk
12889,wpg
12891,edm
12893,cgy
12895,ham
12897,bc
12899,ott
12901,tor
12903,ham
12905,mtl
12907,wpg
12909,ham
12911,cgy
12913,bc
12915,edm
12917,ssk
12919,tor
12921,ham
12923,edm
12925,wpg
12927,ott
12929,mtl
12931,ssk
12933,ham
12935,cgy
12937,tor
12939,wpg
12941,edm
12943,bc
12945,cgy
12947,ham
12949,ssk
12951,mtl
12953,wpg
12955,edm
12957,ott
12959,ssk
12961,ott
12963,ham
12965,wpg
12967,bc
12969,tor
12971,ham
12973,cgy
12975,bc
12977,mtl
12979,ott
12981,tor
12983,edm
12985,mtl
12987,tor
12989,bc
12991,wpg
12993,ssk
12995,tor
12997,cgy
12999,ham
13001,edm
13003,tor
13005,ott
13007,bc
13009,mtl
13011,wfe
13013,wfe
13015,wfe
13017,wfe
13019,wfe
13023,bc
